[{"pk": 1, "model": "auth.permission", "fields": {"codename": "add_logentry", "name": "Can add log entry", "content_type": 8}}, {"pk": 2, "model": "auth.permission", "fields": {"codename": "change_logentry", "name": "Can change log entry", "content_type": 8}}, {"pk": 3, "model": "auth.permission", "fields": {"codename": "delete_logentry", "name": "Can delete log entry", "content_type": 8}}, {"pk": 4, "model": "auth.permission", "fields": {"codename": "add_permission", "name": "Can add permission", "content_type": 1}}, {"pk": 5, "model": "auth.permission", "fields": {"codename": "change_permission", "name": "Can change permission", "content_type": 1}}, {"pk": 6, "model": "auth.permission", "fields": {"codename": "delete_permission", "name": "Can delete permission", "content_type": 1}}, {"pk": 7, "model": "auth.permission", "fields": {"codename": "add_group", "name": "Can add group", "content_type": 2}}, {"pk": 8, "model": "auth.permission", "fields": {"codename": "change_group", "name": "Can change group", "content_type": 2}}, {"pk": 9, "model": "auth.permission", "fields": {"codename": "delete_group", "name": "Can delete group", "content_type": 2}}, {"pk": 10, "model": "auth.permission", "fields": {"codename": "add_user", "name": "Can add user", "content_type": 3}}, {"pk": 11, "model": "auth.permission", "fields": {"codename": "change_user", "name": "Can change user", "content_type": 3}}, {"pk": 12, "model": "auth.permission", "fields": {"codename": "delete_user", "name": "Can delete user", "content_type": 3}}, {"pk": 13, "model": "auth.permission", "fields": {"codename": "add_contenttype", "name": "Can add content type", "content_type": 5}}, {"pk": 14, "model": "auth.permission", "fields": {"codename": "change_contenttype", "name": "Can change content type", "content_type": 5}}, {"pk": 15, "model": "auth.permission", "fields": {"codename": "delete_contenttype", "name": "Can delete content type", "content_type": 5}}, {"pk": 16, "model": "auth.permission", "fields": {"codename": "add_session", "name": "Can add session", "content_type": 6}}, {"pk": 17, "model": "auth.permission", "fields": {"codename": "change_session", "name": "Can change session", "content_type": 6}}, {"pk": 18, "model": "auth.permission", "fields": {"codename": "delete_session", "name": "Can delete session", "content_type": 6}}, {"pk": 19, "model": "auth.permission", "fields": {"codename": "add_site", "name": "Can add site", "content_type": 7}}, {"pk": 20, "model": "auth.permission", "fields": {"codename": "change_site", "name": "Can change site", "content_type": 7}}, {"pk": 21, "model": "auth.permission", "fields": {"codename": "delete_site", "name": "Can delete site", "content_type": 7}}, {"pk": 22, "model": "auth.permission", "fields": {"codename": "add_report", "name": "Can add report", "content_type": 9}}, {"pk": 23, "model": "auth.permission", "fields": {"codename": "change_report", "name": "Can change report", "content_type": 9}}, {"pk": 24, "model": "auth.permission", "fields": {"codename": "delete_report", "name": "Can delete report", "content_type": 9}}, {"pk": 25, "model": "auth.permission", "fields": {"codename": "add_format", "name": "Can add format", "content_type": 10}}, {"pk": 26, "model": "auth.permission", "fields": {"codename": "change_format", "name": "Can change format", "content_type": 10}}, {"pk": 27, "model": "auth.permission", "fields": {"codename": "delete_format", "name": "Can delete format", "content_type": 10}}, {"pk": 28, "model": "auth.permission", "fields": {"codename": "add_displayfield", "name": "Can add display field", "content_type": 11}}, {"pk": 29, "model": "auth.permission", "fields": {"codename": "change_displayfield", "name": "Can change display field", "content_type": 11}}, {"pk": 30, "model": "auth.permission", "fields": {"codename": "delete_displayfield", "name": "Can delete display field", "content_type": 11}}, {"pk": 31, "model": "auth.permission", "fields": {"codename": "add_filterfield", "name": "Can add filter field", "content_type": 12}}, {"pk": 32, "model": "auth.permission", "fields": {"codename": "change_filterfield", "name": "Can change filter field", "content_type": 12}}, {"pk": 33, "model": "auth.permission", "fields": {"codename": "delete_filterfield", "name": "Can delete filter field", "content_type": 12}}, {"pk": 34, "model": "auth.permission", "fields": {"codename": "add_accessattempt", "name": "Can add access attempt", "content_type": 13}}, {"pk": 35, "model": "auth.permission", "fields": {"codename": "change_accessattempt", "name": "Can change access attempt", "content_type": 13}}, {"pk": 36, "model": "auth.permission", "fields": {"codename": "delete_accessattempt", "name": "Can delete access attempt", "content_type": 13}}, {"pk": 37, "model": "auth.permission", "fields": {"codename": "add_accesslog", "name": "Can add access log", "content_type": 14}}, {"pk": 38, "model": "auth.permission", "fields": {"codename": "change_accesslog", "name": "Can change access log", "content_type": 14}}, {"pk": 39, "model": "auth.permission", "fields": {"codename": "delete_accesslog", "name": "Can delete access log", "content_type": 14}}, {"pk": 40, "model": "auth.permission", "fields": {"codename": "add_log", "name": "Can add log", "content_type": 15}}, {"pk": 41, "model": "auth.permission", "fields": {"codename": "change_log", "name": "Can change log", "content_type": 15}}, {"pk": 42, "model": "auth.permission", "fields": {"codename": "delete_log", "name": "Can delete log", "content_type": 15}}, {"pk": 43, "model": "auth.permission", "fields": {"codename": "add_noticetype", "name": "Can add notice type", "content_type": 16}}, {"pk": 44, "model": "auth.permission", "fields": {"codename": "change_noticetype", "name": "Can change notice type", "content_type": 16}}, {"pk": 45, "model": "auth.permission", "fields": {"codename": "delete_noticetype", "name": "Can delete notice type", "content_type": 16}}, {"pk": 46, "model": "auth.permission", "fields": {"codename": "add_noticesetting", "name": "Can add notice setting", "content_type": 17}}, {"pk": 47, "model": "auth.permission", "fields": {"codename": "change_noticesetting", "name": "Can change notice setting", "content_type": 17}}, {"pk": 48, "model": "auth.permission", "fields": {"codename": "delete_noticesetting", "name": "Can delete notice setting", "content_type": 17}}, {"pk": 49, "model": "auth.permission", "fields": {"codename": "add_noticequeuebatch", "name": "Can add notice queue batch", "content_type": 18}}, {"pk": 50, "model": "auth.permission", "fields": {"codename": "change_noticequeuebatch", "name": "Can change notice queue batch", "content_type": 18}}, {"pk": 51, "model": "auth.permission", "fields": {"codename": "delete_noticequeuebatch", "name": "Can delete notice queue batch", "content_type": 18}}, {"pk": 52, "model": "auth.permission", "fields": {"codename": "add_message", "name": "Can add message", "content_type": 19}}, {"pk": 53, "model": "auth.permission", "fields": {"codename": "change_message", "name": "Can change message", "content_type": 19}}, {"pk": 54, "model": "auth.permission", "fields": {"codename": "delete_message", "name": "Can delete message", "content_type": 19}}, {"pk": 55, "model": "auth.permission", "fields": {"codename": "add_dontsendentry", "name": "Can add don't send entry", "content_type": 20}}, {"pk": 56, "model": "auth.permission", "fields": {"codename": "change_dontsendentry", "name": "Can change don't send entry", "content_type": 20}}, {"pk": 57, "model": "auth.permission", "fields": {"codename": "delete_dontsendentry", "name": "Can delete don't send entry", "content_type": 20}}, {"pk": 58, "model": "auth.permission", "fields": {"codename": "add_messagelog", "name": "Can add message log", "content_type": 21}}, {"pk": 59, "model": "auth.permission", "fields": {"codename": "change_messagelog", "name": "Can change message log", "content_type": 21}}, {"pk": 60, "model": "auth.permission", "fields": {"codename": "delete_messagelog", "name": "Can delete message log", "content_type": 21}}, {"pk": 61, "model": "auth.permission", "fields": {"codename": "add_child_detail", "name": "Can add child_detail", "content_type": 22}}, {"pk": 62, "model": "auth.permission", "fields": {"codename": "change_child_detail", "name": "Can change child_detail", "content_type": 22}}, {"pk": 63, "model": "auth.permission", "fields": {"codename": "delete_child_detail", "name": "Can delete child_detail", "content_type": 22}}, {"pk": 64, "model": "auth.permission", "fields": {"codename": "add_child_family_detail", "name": "Can add child_family_detail", "content_type": 23}}, {"pk": 65, "model": "auth.permission", "fields": {"codename": "change_child_family_detail", "name": "Can change child_family_detail", "content_type": 23}}, {"pk": 66, "model": "auth.permission", "fields": {"codename": "delete_child_family_detail", "name": "Can delete child_family_detail", "content_type": 23}}, {"pk": 67, "model": "auth.permission", "fields": {"codename": "add_child_transfer_history", "name": "Can add child_ transfer_ history", "content_type": 24}}, {"pk": 68, "model": "auth.permission", "fields": {"codename": "change_child_transfer_history", "name": "Can change child_ transfer_ history", "content_type": 24}}, {"pk": 69, "model": "auth.permission", "fields": {"codename": "delete_child_transfer_history", "name": "Can delete child_ transfer_ history", "content_type": 24}}, {"pk": 70, "model": "auth.permission", "fields": {"codename": "add_assembly", "name": "Can add assembly", "content_type": 25}}, {"pk": 71, "model": "auth.permission", "fields": {"codename": "change_assembly", "name": "Can change assembly", "content_type": 25}}, {"pk": 72, "model": "auth.permission", "fields": {"codename": "delete_assembly", "name": "Can delete assembly", "content_type": 25}}, {"pk": 73, "model": "auth.permission", "fields": {"codename": "add_parliamentary", "name": "Can add parliamentary", "content_type": 26}}, {"pk": 74, "model": "auth.permission", "fields": {"codename": "change_parliamentary", "name": "Can change parliamentary", "content_type": 26}}, {"pk": 75, "model": "auth.permission", "fields": {"codename": "delete_parliamentary", "name": "Can delete parliamentary", "content_type": 26}}, {"pk": 76, "model": "auth.permission", "fields": {"codename": "add_district", "name": "Can add district", "content_type": 27}}, {"pk": 77, "model": "auth.permission", "fields": {"codename": "change_district", "name": "Can change district", "content_type": 27}}, {"pk": 78, "model": "auth.permission", "fields": {"codename": "delete_district", "name": "Can delete district", "content_type": 27}}, {"pk": 79, "model": "auth.permission", "fields": {"codename": "add_block", "name": "Can add block", "content_type": 28}}, {"pk": 80, "model": "auth.permission", "fields": {"codename": "change_block", "name": "Can change block", "content_type": 28}}, {"pk": 81, "model": "auth.permission", "fields": {"codename": "delete_block", "name": "Can delete block", "content_type": 28}}, {"pk": 82, "model": "auth.permission", "fields": {"codename": "add_village_panchayat", "name": "Can add village_ panchayat", "content_type": 29}}, {"pk": 83, "model": "auth.permission", "fields": {"codename": "change_village_panchayat", "name": "Can change village_ panchayat", "content_type": 29}}, {"pk": 84, "model": "auth.permission", "fields": {"codename": "delete_village_panchayat", "name": "Can delete village_ panchayat", "content_type": 29}}, {"pk": 85, "model": "auth.permission", "fields": {"codename": "add_town_panchayat", "name": "Can add town_ panchayat", "content_type": 30}}, {"pk": 86, "model": "auth.permission", "fields": {"codename": "change_town_panchayat", "name": "Can change town_ panchayat", "content_type": 30}}, {"pk": 87, "model": "auth.permission", "fields": {"codename": "delete_town_panchayat", "name": "Can delete town_ panchayat", "content_type": 30}}, {"pk": 88, "model": "auth.permission", "fields": {"codename": "add_municipality", "name": "Can add municipality", "content_type": 31}}, {"pk": 89, "model": "auth.permission", "fields": {"codename": "change_municipality", "name": "Can change municipality", "content_type": 31}}, {"pk": 90, "model": "auth.permission", "fields": {"codename": "delete_municipality", "name": "Can delete municipality", "content_type": 31}}, {"pk": 91, "model": "auth.permission", "fields": {"codename": "add_corporation", "name": "Can add corporation", "content_type": 32}}, {"pk": 92, "model": "auth.permission", "fields": {"codename": "change_corporation", "name": "Can change corporation", "content_type": 32}}, {"pk": 93, "model": "auth.permission", "fields": {"codename": "delete_corporation", "name": "Can delete corporation", "content_type": 32}}, {"pk": 94, "model": "auth.permission", "fields": {"codename": "add_zone", "name": "Can add zone", "content_type": 33}}, {"pk": 95, "model": "auth.permission", "fields": {"codename": "change_zone", "name": "Can change zone", "content_type": 33}}, {"pk": 96, "model": "auth.permission", "fields": {"codename": "delete_zone", "name": "Can delete zone", "content_type": 33}}, {"pk": 97, "model": "auth.permission", "fields": {"codename": "add_habitation", "name": "Can add habitation", "content_type": 34}}, {"pk": 98, "model": "auth.permission", "fields": {"codename": "change_habitation", "name": "Can change habitation", "content_type": 34}}, {"pk": 99, "model": "auth.permission", "fields": {"codename": "delete_habitation", "name": "Can delete habitation", "content_type": 34}}, {"pk": 100, "model": "auth.permission", "fields": {"codename": "add_school", "name": "Can add school", "content_type": 35}}, {"pk": 101, "model": "auth.permission", "fields": {"codename": "change_school", "name": "Can change school", "content_type": 35}}, {"pk": 102, "model": "auth.permission", "fields": {"codename": "delete_school", "name": "Can delete school", "content_type": 35}}, {"pk": 103, "model": "auth.permission", "fields": {"codename": "add_taluk", "name": "Can add taluk", "content_type": 36}}, {"pk": 104, "model": "auth.permission", "fields": {"codename": "change_taluk", "name": "Can change taluk", "content_type": 36}}, {"pk": 105, "model": "auth.permission", "fields": {"codename": "delete_taluk", "name": "Can delete taluk", "content_type": 36}}, {"pk": 106, "model": "auth.permission", "fields": {"codename": "add_educational_district", "name": "Can add educational_district", "content_type": 37}}, {"pk": 107, "model": "auth.permission", "fields": {"codename": "change_educational_district", "name": "Can change educational_district", "content_type": 37}}, {"pk": 108, "model": "auth.permission", "fields": {"codename": "delete_educational_district", "name": "Can delete educational_district", "content_type": 37}}, {"pk": 109, "model": "auth.permission", "fields": {"codename": "add_educational_block", "name": "Can add educational_block", "content_type": 38}}, {"pk": 110, "model": "auth.permission", "fields": {"codename": "change_educational_block", "name": "Can change educational_block", "content_type": 38}}, {"pk": 111, "model": "auth.permission", "fields": {"codename": "delete_educational_block", "name": "Can delete educational_block", "content_type": 38}}, {"pk": 112, "model": "auth.permission", "fields": {"codename": "add_revenue_block", "name": "Can add revenue_block", "content_type": 39}}, {"pk": 113, "model": "auth.permission", "fields": {"codename": "change_revenue_block", "name": "Can change revenue_block", "content_type": 39}}, {"pk": 114, "model": "auth.permission", "fields": {"codename": "delete_revenue_block", "name": "Can delete revenue_block", "content_type": 39}}, {"pk": 115, "model": "auth.permission", "fields": {"codename": "add_community", "name": "Can add community", "content_type": 40}}, {"pk": 116, "model": "auth.permission", "fields": {"codename": "change_community", "name": "Can change community", "content_type": 40}}, {"pk": 117, "model": "auth.permission", "fields": {"codename": "delete_community", "name": "Can delete community", "content_type": 40}}, {"pk": 118, "model": "auth.permission", "fields": {"codename": "add_sub_castes", "name": "Can add sub_ castes", "content_type": 41}}, {"pk": 119, "model": "auth.permission", "fields": {"codename": "change_sub_castes", "name": "Can change sub_ castes", "content_type": 41}}, {"pk": 120, "model": "auth.permission", "fields": {"codename": "delete_sub_castes", "name": "Can delete sub_ castes", "content_type": 41}}, {"pk": 121, "model": "auth.permission", "fields": {"codename": "add_religion", "name": "Can add religion", "content_type": 42}}, {"pk": 122, "model": "auth.permission", "fields": {"codename": "change_religion", "name": "Can change religion", "content_type": 42}}, {"pk": 123, "model": "auth.permission", "fields": {"codename": "delete_religion", "name": "Can delete religion", "content_type": 42}}, {"pk": 124, "model": "auth.permission", "fields": {"codename": "add_language", "name": "Can add language", "content_type": 43}}, {"pk": 125, "model": "auth.permission", "fields": {"codename": "change_language", "name": "Can change language", "content_type": 43}}, {"pk": 126, "model": "auth.permission", "fields": {"codename": "delete_language", "name": "Can delete language", "content_type": 43}}, {"pk": 127, "model": "auth.permission", "fields": {"codename": "add_differently_abled", "name": "Can add differently_abled", "content_type": 44}}, {"pk": 128, "model": "auth.permission", "fields": {"codename": "change_differently_abled", "name": "Can change differently_abled", "content_type": 44}}, {"pk": 129, "model": "auth.permission", "fields": {"codename": "delete_differently_abled", "name": "Can delete differently_abled", "content_type": 44}}, {"pk": 130, "model": "auth.permission", "fields": {"codename": "add_disadvantaged_group", "name": "Can add disadvantaged_group", "content_type": 45}}, {"pk": 131, "model": "auth.permission", "fields": {"codename": "change_disadvantaged_group", "name": "Can change disadvantaged_group", "content_type": 45}}, {"pk": 132, "model": "auth.permission", "fields": {"codename": "delete_disadvantaged_group", "name": "Can delete disadvantaged_group", "content_type": 45}}, {"pk": 133, "model": "auth.permission", "fields": {"codename": "add_schemes", "name": "Can add schemes", "content_type": 46}}, {"pk": 134, "model": "auth.permission", "fields": {"codename": "change_schemes", "name": "Can change schemes", "content_type": 46}}, {"pk": 135, "model": "auth.permission", "fields": {"codename": "delete_schemes", "name": "Can delete schemes", "content_type": 46}}, {"pk": 136, "model": "auth.permission", "fields": {"codename": "add_managment", "name": "Can add managment", "content_type": 47}}, {"pk": 137, "model": "auth.permission", "fields": {"codename": "change_managment", "name": "Can change managment", "content_type": 47}}, {"pk": 138, "model": "auth.permission", "fields": {"codename": "delete_managment", "name": "Can delete managment", "content_type": 47}}, {"pk": 139, "model": "auth.permission", "fields": {"codename": "add_nationality", "name": "Can add nationality", "content_type": 48}}, {"pk": 140, "model": "auth.permission", "fields": {"codename": "change_nationality", "name": "Can change nationality", "content_type": 48}}, {"pk": 141, "model": "auth.permission", "fields": {"codename": "delete_nationality", "name": "Can delete nationality", "content_type": 48}}, {"pk": 142, "model": "auth.permission", "fields": {"codename": "add_class_studying", "name": "Can add class_ studying", "content_type": 49}}, {"pk": 143, "model": "auth.permission", "fields": {"codename": "change_class_studying", "name": "Can change class_ studying", "content_type": 49}}, {"pk": 144, "model": "auth.permission", "fields": {"codename": "delete_class_studying", "name": "Can delete class_ studying", "content_type": 49}}, {"pk": 145, "model": "auth.permission", "fields": {"codename": "add_group_code", "name": "Can add group_code", "content_type": 50}}, {"pk": 146, "model": "auth.permission", "fields": {"codename": "change_group_code", "name": "Can change group_code", "content_type": 50}}, {"pk": 147, "model": "auth.permission", "fields": {"codename": "delete_group_code", "name": "Can delete group_code", "content_type": 50}}, {"pk": 148, "model": "auth.permission", "fields": {"codename": "add_edu_medium", "name": "Can add edu_medium", "content_type": 51}}, {"pk": 149, "model": "auth.permission", "fields": {"codename": "change_edu_medium", "name": "Can change edu_medium", "content_type": 51}}, {"pk": 150, "model": "auth.permission", "fields": {"codename": "delete_edu_medium", "name": "Can delete edu_medium", "content_type": 51}}, {"pk": 151, "model": "auth.permission", "fields": {"codename": "add_bank", "name": "Can add bank", "content_type": 52}}, {"pk": 152, "model": "auth.permission", "fields": {"codename": "change_bank", "name": "Can change bank", "content_type": 52}}, {"pk": 153, "model": "auth.permission", "fields": {"codename": "delete_bank", "name": "Can delete bank", "content_type": 52}}, {"pk": 154, "model": "auth.permission", "fields": {"codename": "add_academic_year", "name": "Can add academic_ year", "content_type": 53}}, {"pk": 155, "model": "auth.permission", "fields": {"codename": "change_academic_year", "name": "Can change academic_ year", "content_type": 53}}, {"pk": 156, "model": "auth.permission", "fields": {"codename": "delete_academic_year", "name": "Can delete academic_ year", "content_type": 53}}, {"pk": 157, "model": "auth.permission", "fields": {"codename": "add_message", "name": "Can add message", "content_type": 54}}, {"pk": 158, "model": "auth.permission", "fields": {"codename": "change_message", "name": "Can change message", "content_type": 54}}, {"pk": 159, "model": "auth.permission", "fields": {"codename": "delete_message", "name": "Can delete message", "content_type": 54}}, {"pk": 160, "model": "auth.permission", "fields": {"codename": "add_pendingmessage", "name": "Can add pending message", "content_type": 54}}, {"pk": 161, "model": "auth.permission", "fields": {"codename": "change_pendingmessage", "name": "Can change pending message", "content_type": 54}}, {"pk": 162, "model": "auth.permission", "fields": {"codename": "delete_pendingmessage", "name": "Can delete pending message", "content_type": 54}}, {"pk": 163, "model": "auth.permission", "fields": {"codename": "add_account", "name": "Can add account", "content_type": 56}}, {"pk": 164, "model": "auth.permission", "fields": {"codename": "change_account", "name": "Can change account", "content_type": 56}}, {"pk": 165, "model": "auth.permission", "fields": {"codename": "delete_account", "name": "Can delete account", "content_type": 56}}, {"pk": 166, "model": "auth.permission", "fields": {"codename": "add_signupcode", "name": "Can add signup code", "content_type": 57}}, {"pk": 167, "model": "auth.permission", "fields": {"codename": "change_signupcode", "name": "Can change signup code", "content_type": 57}}, {"pk": 168, "model": "auth.permission", "fields": {"codename": "delete_signupcode", "name": "Can delete signup code", "content_type": 57}}, {"pk": 169, "model": "auth.permission", "fields": {"codename": "add_signupcoderesult", "name": "Can add signup code result", "content_type": 58}}, {"pk": 170, "model": "auth.permission", "fields": {"codename": "change_signupcoderesult", "name": "Can change signup code result", "content_type": 58}}, {"pk": 171, "model": "auth.permission", "fields": {"codename": "delete_signupcoderesult", "name": "Can delete signup code result", "content_type": 58}}, {"pk": 172, "model": "auth.permission", "fields": {"codename": "add_emailaddress", "name": "Can add email address", "content_type": 59}}, {"pk": 173, "model": "auth.permission", "fields": {"codename": "change_emailaddress", "name": "Can change email address", "content_type": 59}}, {"pk": 174, "model": "auth.permission", "fields": {"codename": "delete_emailaddress", "name": "Can delete email address", "content_type": 59}}, {"pk": 175, "model": "auth.permission", "fields": {"codename": "add_emailconfirmation", "name": "Can add email confirmation", "content_type": 60}}, {"pk": 176, "model": "auth.permission", "fields": {"codename": "change_emailconfirmation", "name": "Can change email confirmation", "content_type": 60}}, {"pk": 177, "model": "auth.permission", "fields": {"codename": "delete_emailconfirmation", "name": "Can delete email confirmation", "content_type": 60}}, {"pk": 178, "model": "auth.permission", "fields": {"codename": "add_accountdeletion", "name": "Can add account deletion", "content_type": 61}}, {"pk": 179, "model": "auth.permission", "fields": {"codename": "change_accountdeletion", "name": "Can change account deletion", "content_type": 61}}, {"pk": 180, "model": "auth.permission", "fields": {"codename": "delete_accountdeletion", "name": "Can delete account deletion", "content_type": 61}}, {"pk": 181, "model": "auth.permission", "fields": {"codename": "add_user_category", "name": "Can add user_ category", "content_type": 62}}, {"pk": 182, "model": "auth.permission", "fields": {"codename": "change_user_category", "name": "Can change user_ category", "content_type": 62}}, {"pk": 183, "model": "auth.permission", "fields": {"codename": "delete_user_category", "name": "Can delete user_ category", "content_type": 62}}, {"pk": 1, "model": "auth.user", "fields": {"username": "suji", "first_name": "", "last_name": "", "is_active": true, "is_superuser": true, "is_staff": true, "last_login": "2014-02-25T07:18:51.748Z", "groups": [], "user_permissions": [], "password": "pbkdf2_sha256$12000$dZKESVB359qf$k+Sl5syD8yvlMbF8H5vWD7IeKCeOXg8ZbfMYVCKPd/c=", "email": "suji@foss.in", "date_joined": "2014-02-24T09:44:15.763Z"}}, {"pk": "2273ac73a7c2ce4b67311d4fe6ce72e2", "model": "sessions.session", "fields": {"expire_date": "2013-04-05T05:00:39.475Z", "session_data": "ZWRiOTMzNDNmNjIxMWNkMjdlOTgwMDE2ZGY2N2IzZjI2YWQ5ZmYzMTqAAn1xAShVEl9hdXRoX3Vz\nZXJfYmFja2VuZHECVSlkamFuZ28uY29udHJpYi5hdXRoLmJhY2tlbmRzLk1vZGVsQmFja2VuZHED\nVQ1fYXV0aF91c2VyX2lkcQRLAXUu\n"}}, {"pk": "64c1ad4807c436ace52f59d5eb5155d2", "model": "sessions.session", "fields": {"expire_date": "2013-03-26T08:41:43.516Z", "session_data": "YTgxOWQ4Y2FhYTE4NjIwNTU2YjE2ZmZjZjllOGFjYTY1NjE5NzFmYTqAAn1xAS4=\n"}}, {"pk": "7sninat0xj51wcmbcjk31lf6gcpl2tb9", "model": "sessions.session", "fields": {"expire_date": "2014-03-10T06:14:08.384Z", "session_data": "NjBhZTM4N2VhYWY1YjEzZDNkNzBhNTNhMzEwMDE3MDcxOTgxOGJlMTp7Il9zZXNzaW9uX2V4cGlyeSI6MCwiX2F1dGhfdXNlcl9iYWNrZW5kIjoiZW1pc19hY2NvdW50LmF1dGhfYmFja2VuZHMuVXNlcm5hbWVBdXRoZW50aWNhdGlvbkJhY2tlbmQiLCJfYXV0aF91c2VyX2lkIjoxfQ=="}}, {"pk": "eokznpfqdnna4ukxlsrb4q0q0ni6w44w", "model": "sessions.session", "fields": {"expire_date": "2014-03-10T09:34:08.565Z", "session_data": "NjBhZTM4N2VhYWY1YjEzZDNkNzBhNTNhMzEwMDE3MDcxOTgxOGJlMTp7Il9zZXNzaW9uX2V4cGlyeSI6MCwiX2F1dGhfdXNlcl9iYWNrZW5kIjoiZW1pc19hY2NvdW50LmF1dGhfYmFja2VuZHMuVXNlcm5hbWVBdXRoZW50aWNhdGlvbkJhY2tlbmQiLCJfYXV0aF91c2VyX2lkIjoxfQ=="}}, {"pk": "fo29kvmfesfmvku11acntxfy5zyoxa88", "model": "sessions.session", "fields": {"expire_date": "2014-03-10T09:44:49.556Z", "session_data": "NjBhZTM4N2VhYWY1YjEzZDNkNzBhNTNhMzEwMDE3MDcxOTgxOGJlMTp7Il9zZXNzaW9uX2V4cGlyeSI6MCwiX2F1dGhfdXNlcl9iYWNrZW5kIjoiZW1pc19hY2NvdW50LmF1dGhfYmFja2VuZHMuVXNlcm5hbWVBdXRoZW50aWNhdGlvbkJhY2tlbmQiLCJfYXV0aF91c2VyX2lkIjoxfQ=="}}, {"pk": "hf6yztr0nx69mqk37i4m4vlcekeposxb", "model": "sessions.session", "fields": {"expire_date": "2014-03-11T05:52:02.046Z", "session_data": "NjBhZTM4N2VhYWY1YjEzZDNkNzBhNTNhMzEwMDE3MDcxOTgxOGJlMTp7Il9zZXNzaW9uX2V4cGlyeSI6MCwiX2F1dGhfdXNlcl9iYWNrZW5kIjoiZW1pc19hY2NvdW50LmF1dGhfYmFja2VuZHMuVXNlcm5hbWVBdXRoZW50aWNhdGlvbkJhY2tlbmQiLCJfYXV0aF91c2VyX2lkIjoxfQ=="}}, {"pk": "i4p8dkk1rdvcouges6tpdi4ed69s9edu", "model": "sessions.session", "fields": {"expire_date": "2014-03-10T09:33:35.324Z", "session_data": "NjBhZTM4N2VhYWY1YjEzZDNkNzBhNTNhMzEwMDE3MDcxOTgxOGJlMTp7Il9zZXNzaW9uX2V4cGlyeSI6MCwiX2F1dGhfdXNlcl9iYWNrZW5kIjoiZW1pc19hY2NvdW50LmF1dGhfYmFja2VuZHMuVXNlcm5hbWVBdXRoZW50aWNhdGlvbkJhY2tlbmQiLCJfYXV0aF91c2VyX2lkIjoxfQ=="}}, {"pk": "ignjglzeyrqho9i1w93iffytzflgyv9x", "model": "sessions.session", "fields": {"expire_date": "2014-03-11T07:18:51.789Z", "session_data": "NjBhZTM4N2VhYWY1YjEzZDNkNzBhNTNhMzEwMDE3MDcxOTgxOGJlMTp7Il9zZXNzaW9uX2V4cGlyeSI6MCwiX2F1dGhfdXNlcl9iYWNrZW5kIjoiZW1pc19hY2NvdW50LmF1dGhfYmFja2VuZHMuVXNlcm5hbWVBdXRoZW50aWNhdGlvbkJhY2tlbmQiLCJfYXV0aF91c2VyX2lkIjoxfQ=="}}, {"pk": "m7gng7nnvh5qamxc43ts0rksrp7in7q3", "model": "sessions.session", "fields": {"expire_date": "2014-03-10T06:13:23.451Z", "session_data": "NjBhZTM4N2VhYWY1YjEzZDNkNzBhNTNhMzEwMDE3MDcxOTgxOGJlMTp7Il9zZXNzaW9uX2V4cGlyeSI6MCwiX2F1dGhfdXNlcl9iYWNrZW5kIjoiZW1pc19hY2NvdW50LmF1dGhfYmFja2VuZHMuVXNlcm5hbWVBdXRoZW50aWNhdGlvbkJhY2tlbmQiLCJfYXV0aF91c2VyX2lkIjoxfQ=="}}, {"pk": "ve3czk4g9vk2t5hn85sqfx620fxtgpjh", "model": "sessions.session", "fields": {"expire_date": "2014-03-11T05:34:42.552Z", "session_data": "NjBhZTM4N2VhYWY1YjEzZDNkNzBhNTNhMzEwMDE3MDcxOTgxOGJlMTp7Il9zZXNzaW9uX2V4cGlyeSI6MCwiX2F1dGhfdXNlcl9iYWNrZW5kIjoiZW1pc19hY2NvdW50LmF1dGhfYmFja2VuZHMuVXNlcm5hbWVBdXRoZW50aWNhdGlvbkJhY2tlbmQiLCJfYXV0aF91c2VyX2lkIjoxfQ=="}}, {"pk": 1, "model": "sites.site", "fields": {"domain": "localhost:8000", "name": "emis.tnschools.gov.in"}}, {"pk": 2, "model": "sites.site", "fields": {"domain": "emis.tnschools.gov.in", "name": "emis.tnschools.gov.in"}}, {"pk": 1, "model": "eventlog.log", "fields": {"action": "LOGIN_ATTEMPTED", "timestamp": "2014-02-24T06:13:10.905Z", "user": null, "extra": {"username": "admin", "result": false}}}, {"pk": 2, "model": "eventlog.log", "fields": {"action": "LOGIN_ATTEMPTED", "timestamp": "2014-02-24T06:13:18.510Z", "user": null, "extra": {"username": "suji", "result": false}}}, {"pk": 3, "model": "eventlog.log", "fields": {"action": "USER_LOGGED_IN", "timestamp": "2014-02-24T06:13:23.442Z", "user": 1, "extra": {}}}, {"pk": 4, "model": "eventlog.log", "fields": {"action": "USER_LOGGED_IN", "timestamp": "2014-02-24T06:14:08.376Z", "user": 1, "extra": {}}}, {"pk": 5, "model": "eventlog.log", "fields": {"action": "USER_LOGGED_IN", "timestamp": "2014-02-24T09:33:35.315Z", "user": 1, "extra": {}}}, {"pk": 6, "model": "eventlog.log", "fields": {"action": "USER_LOGGED_IN", "timestamp": "2014-02-24T09:34:08.556Z", "user": 1, "extra": {}}}, {"pk": 7, "model": "eventlog.log", "fields": {"action": "USER_LOGGED_IN", "timestamp": "2014-02-24T09:44:49.548Z", "user": 1, "extra": {}}}, {"pk": 8, "model": "eventlog.log", "fields": {"action": "USER_LOGGED_IN", "timestamp": "2014-02-25T05:34:42.321Z", "user": 1, "extra": {}}}, {"pk": 9, "model": "eventlog.log", "fields": {"action": "LOGIN_ATTEMPTED", "timestamp": "2014-02-25T05:51:57.847Z", "user": null, "extra": {"username": "suji", "result": false}}}, {"pk": 10, "model": "eventlog.log", "fields": {"action": "USER_LOGGED_IN", "timestamp": "2014-02-25T05:52:02.037Z", "user": 1, "extra": {}}}, {"pk": 11, "model": "eventlog.log", "fields": {"action": "USER_LOGGED_IN", "timestamp": "2014-02-25T06:47:42.874Z", "user": 1, "extra": {}}}, {"pk": 12, "model": "eventlog.log", "fields": {"action": "LOGIN_ATTEMPTED", "timestamp": "2014-02-25T07:18:40.963Z", "user": null, "extra": {"username": "admin", "result": false}}}, {"pk": 13, "model": "eventlog.log", "fields": {"action": "USER_LOGGED_IN", "timestamp": "2014-02-25T07:18:51.781Z", "user": 1, "extra": {}}}, {"pk": 1, "model": "notification.noticetype", "fields": {"default": 2, "description": "Your message has been rejected", "display": "Message Rejected", "label": "postman_rejection"}}, {"pk": 2, "model": "notification.noticetype", "fields": {"default": 2, "description": "You have received a message", "display": "Message Received", "label": "postman_message"}}, {"pk": 3, "model": "notification.noticetype", "fields": {"default": 2, "description": "You have received a reply", "display": "Reply Received", "label": "postman_reply"}}, {"pk": 1, "model": "baseapp.district", "fields": {"district_name": "Kancheepuram", "created_date": "2014-02-24T06:57:58.611Z", "modified_date": "2014-02-24T06:57:58.611Z", "district_code": 3301}}, {"pk": 1, "model": "baseapp.block", "fields": {"block_name": "Acharapakkam", "created_date": "2014-02-24T07:00:06.281Z", "modified_date": "2014-02-24T07:00:06.281Z", "district": 1, "block_code": 330001}}, {"pk": 1, "model": "baseapp.village_panchayat", "fields": {"vp_code": 330000001, "created_date": "2014-02-24T07:13:09.552Z", "modified_date": "2014-02-24T07:13:09.552Z", "block": 1, "vp_name": "KALATHUR"}}, {"pk": 2, "model": "baseapp.village_panchayat", "fields": {"vp_code": 330000002, "created_date": "2014-02-24T07:13:29.473Z", "modified_date": "2014-02-24T07:13:29.473Z", "block": 1, "vp_name": "NEDUNGAL"}}, {"pk": 3, "model": "baseapp.village_panchayat", "fields": {"vp_code": 330000003, "created_date": "2014-02-24T07:13:43.286Z", "modified_date": "2014-02-24T07:13:43.286Z", "block": 1, "vp_name": "KARASANGAL"}}, {"pk": 4, "model": "baseapp.village_panchayat", "fields": {"vp_code": 330000004, "created_date": "2014-02-24T07:14:00.361Z", "modified_date": "2014-02-24T07:14:00.361Z", "block": 1, "vp_name": "SIRUTHAMUR"}}, {"pk": 1, "model": "baseapp.town_panchayat", "fields": {"tp_name": "ACHARAPAKKAM", "created_date": "2014-02-24T07:12:29.696Z", "modified_date": "2014-02-24T07:12:29.696Z", "block": 1, "tp_code": 330000001}}, {"pk": 1, "model": "baseapp.municipality", "fields": {"mp_name": "ACHARAPAKKAM", "modified_date": "2014-02-24T07:11:35.050Z", "block": 1, "mp_code": 330000001, "created_date": "2014-02-24T07:11:35.049Z"}}, {"pk": 2, "model": "baseapp.zone", "fields": {"modified_date": "2014-02-24T07:00:06.281Z", "zone": "Village Panchayat", "created_date": "2014-02-24T07:00:06.281Z"}}, {"pk": 3, "model": "baseapp.zone", "fields": {"modified_date": "2014-02-24T07:00:06.281Z", "zone": "Town Panchayat", "created_date": "2014-02-24T07:00:06.281Z"}}, {"pk": 4, "model": "baseapp.zone", "fields": {"modified_date": "2014-02-24T07:00:06.281Z", "zone": "Municipality", "created_date": "2014-02-24T07:00:06.281Z"}}, {"pk": 5, "model": "baseapp.zone", "fields": {"modified_date": "2014-02-24T07:00:06.281Z", "zone": "Corporation", "created_date": "2014-02-24T07:00:06.281Z"}}, {"pk": 1, "model": "baseapp.habitation", "fields": {"modified_date": "2014-02-24T11:12:51.909Z", "hb_code": 1, "hb_name": "02- KALATHUR", "hb_zone": 2, "created_date": "2014-02-24T10:53:33.735Z", "hb_zone_code": 330000001, "block": 1}}, {"pk": 2, "model": "baseapp.habitation", "fields": {"modified_date": "2014-02-24T11:11:12.524Z", "hb_code": 2, "hb_name": "04-NEDUNGAL", "hb_zone": 2, "created_date": "2014-02-24T10:56:09.612Z", "hb_zone_code": 330000002, "block": 1}}, {"pk": 3, "model": "baseapp.habitation", "fields": {"modified_date": "2014-02-24T11:11:24.851Z", "hb_code": 3, "hb_name": "1-KARASANGAL", "hb_zone": 2, "created_date": "2014-02-24T10:56:58.416Z", "hb_zone_code": 330000003, "block": 1}}, {"pk": 4, "model": "baseapp.habitation", "fields": {"modified_date": "2014-02-24T11:11:47.790Z", "hb_code": 4, "hb_name": "04-SIRUTHAMUR", "hb_zone": 2, "created_date": "2014-02-24T10:57:20.568Z", "hb_zone_code": 330000004, "block": 1}}, {"pk": 5, "model": "baseapp.habitation", "fields": {"modified_date": "2014-02-24T11:13:50.621Z", "hb_code": 5, "hb_name": "3- GANDHI NAGAR", "hb_zone": 3, "created_date": "2014-02-24T10:57:46.623Z", "hb_zone_code": 330000001, "block": 1}}, {"pk": 6, "model": "baseapp.habitation", "fields": {"modified_date": "2014-02-24T11:13:57.253Z", "hb_code": 6, "hb_name": "14 VENKADESAPURAM", "hb_zone": 3, "created_date": "2014-02-24T10:58:05.910Z", "hb_zone_code": 330000001, "block": 1}}, {"pk": 7, "model": "baseapp.habitation", "fields": {"modified_date": "2014-02-24T11:14:03.111Z", "hb_code": 7, "hb_name": "10 ACHARAPAKKAM ", "hb_zone": 3, "created_date": "2014-02-24T10:58:26.003Z", "hb_zone_code": 330000001, "block": 1}}, {"pk": 8, "model": "baseapp.habitation", "fields": {"modified_date": "2014-02-24T11:14:31.098Z", "hb_code": 8, "hb_name": "19,CAR ST ", "hb_zone": 4, "created_date": "2014-02-24T10:58:51.120Z", "hb_zone_code": 330000001, "block": 1}}, {"pk": 9, "model": "baseapp.habitation", "fields": {"modified_date": "2014-02-24T11:14:22.495Z", "hb_code": 9, "hb_name": "5 acharapakkam", "hb_zone": 4, "created_date": "2014-02-24T10:59:17.982Z", "hb_zone_code": 330000001, "block": 1}}, {"pk": 1, "model": "baseapp.school", "fields": {"modified_date": "2014-02-25T05:54:34.253Z", "district": 1, "created_date": "2014-02-25T05:52:32.632Z", "managment": 1, "school_name": "PUMS KALATHUR", "student_id_count": 85, "habitation": 3, "school_code": 101, "block": 1}}, {"pk": 2, "model": "baseapp.school", "fields": {"modified_date": "2014-02-25T05:54:42.580Z", "district": 1, "created_date": "2014-02-25T05:53:53.672Z", "managment": 1, "school_name": "GHS, NEDUNGAL", "student_id_count": 135, "habitation": 2, "school_code": 102, "block": 1}}, {"pk": 3, "model": "baseapp.school", "fields": {"modified_date": "2014-02-25T05:54:25.303Z", "district": 1, "created_date": "2014-02-25T05:54:25.303Z", "managment": 1, "school_name": "PUPS NEDUNGAL", "student_id_count": 54, "habitation": 2, "school_code": 103, "block": 1}}, {"pk": 4, "model": "baseapp.school", "fields": {"modified_date": "2014-02-25T05:56:16.193Z", "district": 1, "created_date": "2014-02-25T05:56:16.192Z", "managment": 1, "school_name": "PUPS ACHARAPAKKAM ", "student_id_count": 126, "habitation": 7, "school_code": 104, "block": 1}}, {"pk": 5, "model": "baseapp.school", "fields": {"modified_date": "2014-02-25T05:57:16.208Z", "district": 1, "created_date": "2014-02-25T05:57:16.208Z", "managment": 1, "school_name": "PUPS GANDHI NAGAR", "student_id_count": 51, "habitation": 5, "school_code": 105, "block": 1}}, {"pk": 6, "model": "baseapp.school", "fields": {"modified_date": "2014-02-25T05:58:12.686Z", "district": 1, "created_date": "2014-02-25T05:58:06.385Z", "managment": 1, "school_name": "PUMS VENKADESAPURAM", "student_id_count": 236, "habitation": 6, "school_code": 106, "block": 1}}, {"pk": 7, "model": "baseapp.school", "fields": {"modified_date": "2014-02-25T05:59:49.847Z", "district": 1, "created_date": "2014-02-25T05:59:49.847Z", "managment": 1, "school_name": "PUPS KARASANGAL", "student_id_count": 81, "habitation": 3, "school_code": 107, "block": 1}}, {"pk": 1, "model": "baseapp.community", "fields": {"community_name": "OC- Other Community", "created_date": "2014-02-24T07:07:33.561Z", "modified_date": "2014-02-24T07:07:33.561Z", "community_code": "1"}}, {"pk": 2, "model": "baseapp.community", "fields": {"community_name": "BC - Others", "created_date": "2014-02-24T07:07:45.043Z", "modified_date": "2014-02-24T07:07:45.043Z", "community_code": "2"}}, {"pk": 3, "model": "baseapp.community", "fields": {"community_name": "BC - Muslim", "created_date": "2014-02-24T07:07:59.481Z", "modified_date": "2014-02-24T07:07:59.481Z", "community_code": "3"}}, {"pk": 4, "model": "baseapp.community", "fields": {"community_name": "MBC", "created_date": "2014-02-24T07:08:09.946Z", "modified_date": "2014-02-24T07:08:09.946Z", "community_code": "4"}}, {"pk": 5, "model": "baseapp.community", "fields": {"community_name": "ST", "created_date": "2014-02-24T07:08:15.555Z", "modified_date": "2014-02-24T07:08:15.555Z", "community_code": "5"}}, {"pk": 6, "model": "baseapp.community", "fields": {"community_name": "SC - Others", "created_date": "2014-02-24T07:08:31.314Z", "modified_date": "2014-02-24T07:08:31.314Z", "community_code": "6"}}, {"pk": 7, "model": "baseapp.community", "fields": {"community_name": "SC - Arunthathiyar", "created_date": "2014-02-24T07:08:42.546Z", "modified_date": "2014-02-24T07:08:42.546Z", "community_code": "7"}}, {"pk": 1, "model": "baseapp.sub_castes", "fields": {"modified_date": "2014-02-25T10:07:44.712Z", "caste_name": "AADHIDARVIDAR", "caste_code": 2001, "community": 6, "created_date": "2014-02-25T10:07:44.712Z"}}, {"pk": 2, "model": "baseapp.sub_castes", "fields": {"modified_date": "2014-02-25T10:08:02.296Z", "caste_name": "Achari", "caste_code": 2002, "community": 1, "created_date": "2014-02-25T10:08:02.296Z"}}, {"pk": 3, "model": "baseapp.sub_castes", "fields": {"modified_date": "2014-02-25T10:08:33.995Z", "caste_name": "AGAMUDIYAR", "caste_code": 2003, "community": 2, "created_date": "2014-02-25T10:08:33.995Z"}}, {"pk": 4, "model": "baseapp.sub_castes", "fields": {"modified_date": "2014-02-25T10:08:56.571Z", "caste_name": "ARIAVAISYAR", "caste_code": 2004, "community": 4, "created_date": "2014-02-25T10:08:56.571Z"}}, {"pk": 5, "model": "baseapp.sub_castes", "fields": {"modified_date": "2014-02-25T10:09:12.930Z", "caste_name": "CHETIYAR", "caste_code": 2005, "community": 2, "created_date": "2014-02-25T10:09:12.930Z"}}, {"pk": 6, "model": "baseapp.sub_castes", "fields": {"modified_date": "2014-02-25T10:42:43.205Z", "caste_name": "None", "caste_code": 2006, "community": 1, "created_date": "2014-02-25T10:42:43.205Z"}}, {"pk": 7, "model": "baseapp.sub_castes", "fields": {"modified_date": "2014-02-26T06:17:45.699Z", "caste_name": "VANNIAR", "caste_code": 2007, "community": 2, "created_date": "2014-02-26T06:17:45.699Z"}}, {"pk": 8, "model": "baseapp.sub_castes", "fields": {"modified_date": "2014-02-26T06:18:00.546Z", "caste_name": "VANNIYAR", "caste_code": 2008, "community": 2, "created_date": "2014-02-26T06:18:00.546Z"}}, {"pk": 1, "model": "baseapp.religion", "fields": {"religion_name": "Hindu", "modified_date": "2014-02-24T07:00:06.281Z", "created_date": "2014-02-24T07:00:06.281Z"}}, {"pk": 2, "model": "baseapp.religion", "fields": {"religion_name": "christian", "modified_date": "2014-02-24T07:00:06.281Z", "created_date": "2014-02-24T07:00:06.281Z"}}, {"pk": 3, "model": "baseapp.religion", "fields": {"religion_name": "Muslim", "modified_date": "2014-02-24T07:00:06.281Z", "created_date": "2014-02-24T07:00:06.281Z"}}, {"pk": 4, "model": "baseapp.religion", "fields": {"religion_name": "Others", "modified_date": "2014-02-24T07:00:06.281Z", "created_date": "2014-02-24T07:00:06.281Z"}}, {"pk": 1, "model": "baseapp.language", "fields": {"language_name": "Tamil", "created_date": "2014-02-24T07:00:06.281Z", "modified_date": "2014-02-24T07:00:06.281Z", "language_code": "10001"}}, {"pk": 2, "model": "baseapp.language", "fields": {"language_name": "English", "created_date": "2014-02-24T07:00:06.281Z", "modified_date": "2014-02-24T07:00:06.281Z", "language_code": "10002"}}, {"pk": 3, "model": "baseapp.language", "fields": {"language_name": "Hindi", "created_date": "2014-02-24T07:00:06.281Z", "modified_date": "2014-02-24T07:00:06.281Z", "language_code": "10003"}}, {"pk": 4, "model": "baseapp.language", "fields": {"language_name": "Malayalam", "created_date": "2014-02-24T07:00:06.281Z", "modified_date": "2014-02-24T07:00:06.281Z", "language_code": "10004"}}, {"pk": 5, "model": "baseapp.language", "fields": {"language_name": "Kannada", "created_date": "2014-02-24T07:00:06.281Z", "modified_date": "2014-02-24T07:00:06.281Z", "language_code": "10005"}}, {"pk": 1, "model": "baseapp.differently_abled", "fields": {"da_code": "1001", "modified_date": "2014-02-24T07:00:06.281Z", "da_name": "N/A", "created_date": "2014-02-24T07:00:06.281Z"}}, {"pk": 1, "model": "baseapp.disadvantaged_group", "fields": {"modified_date": "2014-02-24T07:00:06.281Z", "dis_group_name": "N/A", "created_date": "2014-02-24T07:00:06.281Z"}}, {"pk": 1, "model": "baseapp.managment", "fields": {"modified_date": "2014-02-24T07:00:06.281Z", "managment": "Public", "created_date": "2014-02-24T07:00:06.281Z"}}, {"pk": 1, "model": "baseapp.nationality", "fields": {"nationality": "INDIAN", "modified_date": "2014-02-24T07:00:06.281Z", "created_date": "2014-02-24T07:00:06.281Z"}}, {"pk": 2, "model": "baseapp.nationality", "fields": {"nationality": "OTHERS", "modified_date": "2014-02-24T07:00:06.281Z", "created_date": "2014-02-24T07:00:06.281Z"}}, {"pk": 1, "model": "baseapp.class_studying", "fields": {"class_studying": "I", "modified_date": "2014-02-25T10:04:02.520Z", "created_date": "2014-02-25T10:04:02.520Z"}}, {"pk": 2, "model": "baseapp.class_studying", "fields": {"class_studying": "II", "modified_date": "2014-02-25T10:04:08.507Z", "created_date": "2014-02-25T10:04:08.507Z"}}, {"pk": 3, "model": "baseapp.class_studying", "fields": {"class_studying": "III", "modified_date": "2014-02-25T10:04:13.983Z", "created_date": "2014-02-25T10:04:13.983Z"}}, {"pk": 4, "model": "baseapp.class_studying", "fields": {"class_studying": "IV", "modified_date": "2014-02-25T10:04:18.217Z", "created_date": "2014-02-25T10:04:18.217Z"}}, {"pk": 5, "model": "baseapp.class_studying", "fields": {"class_studying": "V", "modified_date": "2014-02-25T10:04:23.315Z", "created_date": "2014-02-25T10:04:23.315Z"}}, {"pk": 6, "model": "baseapp.class_studying", "fields": {"class_studying": "VI", "modified_date": "2014-02-25T10:04:29.396Z", "created_date": "2014-02-25T10:04:29.396Z"}}, {"pk": 7, "model": "baseapp.class_studying", "fields": {"class_studying": "VII", "modified_date": "2014-02-25T10:06:12.609Z", "created_date": "2014-02-25T10:06:12.609Z"}}, {"pk": 8, "model": "baseapp.class_studying", "fields": {"class_studying": "VIII", "modified_date": "2014-02-25T10:06:18.813Z", "created_date": "2014-02-25T10:06:18.813Z"}}, {"pk": 1, "model": "baseapp.edu_medium", "fields": {"modified_date": "2014-02-24T07:00:06.281Z", "edu_medium": "Tamil", "created_date": "2014-02-24T07:00:06.281Z"}}, {"pk": 2, "model": "baseapp.edu_medium", "fields": {"modified_date": "2014-02-24T07:00:06.281Z", "edu_medium": "English", "created_date": "2014-02-24T07:00:06.281Z"}}, {"pk": 1, "model": "baseapp.bank", "fields": {"modified_date": "2014-02-24T07:00:06.281Z", "bank": "INDIAN BANK", "created_date": "2014-02-24T07:00:06.281Z"}}, {"pk": 1, "model": "baseapp.academic_year", "fields": {"modified_date": "2014-02-26T06:25:01.597Z", "academic_year": "2013-14", "created_date": "2014-02-24T07:00:06.281Z"}}, {"pk": 2, "model": "baseapp.academic_year", "fields": {"modified_date": "2014-02-26T06:24:53.899Z", "academic_year": "2012-13", "created_date": "2014-02-26T06:24:53.899Z"}}, {"pk": 1, "model": "emis_account.emailaddress", "fields": {"verified": false, "user": 1, "primary": true, "email": "suji@foss.in"}}]